{"loss": [0.693230152130127, 0.5659804940223694, 0.5218786001205444, 0.49413904547691345, 0.4595586359500885, 0.443724125623703, 0.4226430356502533, 0.40098145604133606, 0.38886159658432007, 0.38683587312698364], "accuracy": [0.6915260553359985, 0.755943238735199, 0.7822085618972778, 0.7939033508300781, 0.8040643930435181, 0.8138419985771179, 0.8169094920158386, 0.8220859169960022, 0.8310966491699219, 0.8341640830039978], "val_loss": [0.6211318373680115, 0.5538367033004761, 0.418006956577301, 0.39423567056655884, 0.3852076232433319, 0.45501580834388733, 0.43526384234428406, 0.38417306542396545, 0.3931451439857483, 0.5240678787231445], "val_accuracy": [0.7868589758872986, 0.8221153616905212, 0.8685897588729858, 0.8958333134651184, 0.8782051205635071, 0.8605769276618958, 0.8733974099159241, 0.8990384340286255, 0.8878205418586731, 0.8397436141967773], "lr": [9.999999747378752e-05, 9.000000136438757e-05, 8.099999831756577e-05, 7.2900002123788e-05, 6.56100019114092e-05, 5.904900172026828e-05, 5.314410009304993e-05, 4.7829689719947055e-05, 4.304672256694175e-05, 3.874204776366241e-05]}