{"loss": [0.22530856728553772, 0.14422839879989624, 0.10253200680017471, 0.0924958810210228, 0.08294325321912766, 0.08344174921512604], "accuracy": [0.9070168733596802, 0.9467024803161621, 0.9629984498023987, 0.9685583114624023, 0.9712423086166382, 0.9683665633201599], "val_loss": [0.3014356195926666, 0.2601671814918518, 0.181050643324852, 0.34863176941871643, 0.3678639233112335, 0.37877577543258667], "val_accuracy": [0.8669871687889099, 0.9022436141967773, 0.9407051205635071, 0.8974359035491943, 0.8926281929016113, 0.8605769276618958], "lr": [0.0010000000474974513, 0.0008999999845400453, 0.0008099999977275729, 0.00072900002123788, 0.0006560999900102615, 0.0005904900026507676]}